"","Bcells","CD4Tcells","CD8Tcells","NKTcells","NKcells","Others","Monocytes"
"CD79A",2.37693955802056,0.0680625203700561,0.0303186339781716,0.0776075153743239,0.0182892561769138,1.48849134227809,0.0203617838189366
"CD74",4.31602100440389,1.02913018015627,1.73638869467058,2.18246008849135,1.9149258134201,4.57546710491044,3.37719666879542
"HLA-DQA1",2.41090976450345,0.0415159311428424,0.169487505365704,0.289862250097427,0.284546611309712,2.63656690363345,0.585605575065945
"HLA-DQB1",2.50231466096425,0.0777631588729908,0.21484283702469,0.289862250097427,0.126945564145183,2.94748757444291,1.23925269208262
"MS4A1",2.05314359115029,0.0212926531556843,0.0782147649200502,0.052401677911621,0.0152641814649167,1.45003978797843,0.0263903402726404
"CD79B",1.65360414005162,0.253285037060237,0.182395726231874,0.238225032977673,0.16156301877622,1.31198546672107,0.194289202578014
"HLA-DRA",4.10034184765253,0.272339068934758,0.668891304267131,1.07271732047089,0.78973637594387,4.52810616419976,3.44800632454906
"HLA-DPB1",3.35886213691792,0.448567024999393,1.15031954235033,1.29461703951141,1.3753044126943,3.61321898437361,2.35000016117905
"HLA-DRB1",3.78571199949561,0.380061517501927,1.14753169088563,1.52995717855314,1.41194775910567,3.99943144862808,3.11943021187425
"HLA-DPA1",3.3056996882673,0.37200197290838,0.943022375883305,1.10886296517403,1.2756358898653,3.50670323484089,2.46753504145242
"CD37",2.64153541454906,1.6906276291464,1.63839452015725,1.80787066156914,1.80431703402404,2.3534281045378,1.89950719125042
"IGHM",3.94828543895813,0.0570356245192703,0.0863152941102161,0.114263629236829,0.0538938673816786,1.97606701474765,0.0766931202094767
"IGHD",1.80947355947575,0.00130345069829687,0.0109339078371344,0,0.00307153282941635,0.349110550472999,0.0132822238676367
"BCL11A",0.993230086279299,0.00714804482417564,0.00657468022316418,0,0.00918643961715708,1.31671149460376,0.273239053121849
"LINC00926",1.33838115708882,0.0123147169672827,0.00657468022316418,0.0133600915191788,0.0182892561769138,0.592898078907277,0.0158163955970322
"FCER2",0.949776023606214,0.00390526618979749,0.00657468022316418,0,0.00307153282941635,0.100343825601858,0.045244479040549
"BANK1",1.37415856444038,0.000651937722098765,0.00219636651280864,0.0133600915191788,0,1.05554113751673,0.0318847709434262
"HCST",0.951207644016701,1.60019273633767,2.49225036984329,2.65661586330543,2.89969362666985,1.1307004195856,1.8386686695848
"TCL1A",1.55186011791912,0.00195453948168895,0.00219636651280864,0,0,0.642685749289967,0.00768433688890252
"CD3E",0.344367381427987,2.02725828924045,2.11757325738892,2.28746399294207,2.05196009696285,0.24111967846126,0.0992979300785382
"MEF2C",1.3675765578029,0.00650032980079459,0.023898720193431,0.0133600915191788,0.0392123599033854,1.16283154962665,0.922075169311132
"FCRLA",0.638909364194945,0,0,0,0.00307153282941635,0.339761143383702,0.0020549370835453
"ADAM28",0.84010979505232,0.00195453948168895,0.00438791956994077,0.0265440416723065,0.024312090013306,0.568289223911755,0.0656778535584833
"HLA-DMA",1.81582083239231,0.128350609404983,0.281729000506777,0.385766199799479,0.275245745741767,2.07963497810603,1.48808078465531
"EAF2",1.04599626155222,0.0759514426276685,0.0535118634912805,0.102193607783567,0.0597066442693082,0.418025187827736,0.287999283514543
"P2RX5",0.91701052203542,0.0813767740501978,0.106284104448525,0.102193607783567,0.0122299279021762,0.452179734395843,0.0168282688513412
"S100A6",2.24657165715842,2.12923443832774,2.45406079327617,2.49620769106042,2.72331672549755,2.82358142193955,3.7514733889469
"HVCN1",0.936798365895863,0.078969148760165,0.0659395914336154,0.149623449494584,0.0797893341610311,0.651894377497771,0.51748218755327
"S100A4",2.50730671537457,2.72270503580103,3.28166987414903,3.3898461357997,3.59308877555038,3.08503838561637,3.98084459720867
"IRF8",1.06914814411789,0.0180954923732923,0.0388149051192711,0.0650840113209944,0.153680077910127,1.95387645829712,0.687077910283281
"CD19",0.596987836220693,0.00260520462428998,0.00219636651280864,0.0265440416723065,0,0.220167603904256,0.00564094716204397
"ANXA1",1.43901865126375,1.55260892369206,1.91341585726421,1.77650263267838,1.95054733800969,1.77185133377416,2.33771283150155
"ITGB2",1.5032272293665,1.41074746431321,1.89474697431793,2.27232992630955,2.5349609510495,1.87140922681953,2.58688409347572
"GIMAP7",0.435850416642289,1.68423350549317,1.59071015356826,1.17330416113008,1.45952104850205,0.261641757481439,1.0129218757202
"PLPP5",1.10412944317516,0.149351570285343,0.205934847638304,0.194905200508277,0.192487691555205,0.251433361513476,0.124132132491037
"RALGPS2",0.931705662800315,0.0704965163492054,0.0324494788373292,0.052401677911621,0.024312090013306,0.814397850103835,0.0666405342130556
"VPREB3",0.769746735346185,0.00195453948168895,0.00219636651280864,0,0.00307153282941635,0.568289223911755,0.00461768437200917
"SEL1L3",0.892281243844648,0.205061408385298,0.289989446989974,0.259200958019116,0.2611302091136,0.612158226345546,0.0363578676260394
"IL32",0.625129870867289,2.36511872786456,2.78962568379357,2.95548006326251,2.87309891825658,0.320795936735669,0.128211860826444
"SPIB",0.709658978407132,0.00195453948168895,0,0.0265440416723065,0,0.997245748211653,0.00870446809176238
"B2M",4.49736530024672,4.84405869498841,5.16529115867506,5.30589914590268,5.4961445214836,4.56224143683411,4.61000950734805
"HLA-DOB",0.594947057919006,0.0123147169672827,0.0131064162171825,0.0133600915191788,0.024312090013306,0.3239818876149,0.0273915757305495
"TPD52",0.741037094076795,0.212998424548099,0.291633379540768,0.172520607728928,0.143071885409361,0.349110550472999,0.0102327162942426
"SNX2",1.23727566780927,0.4099356120412,0.413642123788032,0.456372813890669,0.402311491332149,0.96426004705021,0.983931769827047
"S100A11",1.52844187590079,1.30636561700688,1.40675607759549,1.59206248388337,1.72148871835908,1.99179271757655,2.98114701150938
"CD3D",0.18846950571754,1.98578617564698,2.16030044169628,1.57550357069128,1.07564659324935,0.187892660890056,0.104870185043095
"LDHB",1.11268685531833,2.37541874239613,1.6952728952624,1.89848735852863,1.15818252642576,1.35146221624093,0.816476754390234
"JUNB",2.71220678975278,3.30142220982953,3.1333363965099,2.46697080376351,2.24866540827512,2.83681503761815,3.03577498562904
"CD72",0.702346455888205,0.0155303835712091,0.0430361231452371,0.102193607783567,0.0854539387697265,0.275092840867034,0.0213690704639861
"TSPAN13",0.640862454339754,0.00130345069829687,0.00875666938644232,0,0.00613366022663245,0.709768236989321,0.0020549370835453
"IGKC",6.18996222040772,0.573294594727964,0.528869854667199,0.762312911050075,0.688413018050929,3.85319328833817,0.584746230343005
"CXXC5",0.84965626567333,0.0452626831148797,0.379630148608822,0.481615864647635,0.784134674291846,0.860087165558706,0.269711065908587
"IL7R",0.277903923620987,2.51813639529865,2.4270543706349,1.75580514467223,0.16156301877622,0.403442495934153,0.12594740023111
"STX7",1.0256211754716,0.168268463506964,0.200551714381445,0.329334216620615,0.428705179201925,0.839405005555245,0.657142884426285
"VSIR",0.782528982028711,0.789622642857967,0.879385294103636,0.971107586923063,0.814562819767372,1.07524237709534,1.94978210723949
"HLA-DMB",1.45297428134772,0.0477527414480745,0.18422623084919,0.259200958019116,0.126945564145183,1.64782193646462,1.32237772246616
"TRAC",0.356108914376384,2.26859108012467,2.20078981529945,1.84892636383803,0.611337064767568,0.304712125846947,0.115006034368161
"FCRL1",0.648636891356286,0.0110255493852585,0.00219636651280864,0,0,0.265021528664065,0.00359337344262336
"BLK",0.638909364194945,0.00455466371136096,0.057671624030713,0.0395564346326721,0.00307153282941635,0.443749836406069,0.00102799638748194
"LEPROTL1",0.366431338941213,1.48286028862297,1.07518298587308,1.1815908981797,0.631170111270166,0.522407079955494,0.629577536968179
"MARCH1",1.07548522624448,0.011670340920388,0.0109339078371344,0.052401677911621,0.0152641814649167,0.965935430849402,1.07466057505596
"POU2F2",1.28603976808336,0.41296082441791,0.355268318839896,0.36730713033888,0.36243803446513,1.1135173323433,1.53879601077617
"S100A10",1.98911220468199,1.84602497944073,1.96248724012256,1.90050003544553,1.82931745362271,2.41108848919721,2.69360001385528
"CTSD",0.598006665702377,0.614698852601421,0.900157331352389,1.28721921275626,1.65320555482666,0.644995868426733,2.03771678565324
"SRGN",1.76419476856601,1.29945423598656,1.85185379435418,2.22695465245242,2.43826164738692,2.27203918758937,2.93013866102154
"LCK",0.301466429860324,1.49609501901932,1.57262482322069,1.80123127893132,1.73785506542738,0.176898638217411,0.0613342850967678
"IFITM1",0.218682435301962,0.995480817087025,1.10983961591039,1.63754299560964,1.63717738834477,0.127809639851992,0.0535654919236209
"CD40",0.694055440372077,0.0206540382233058,0.0152742150342859,0.0395564346326721,0.0509747589990578,0.452179734395843,0.123677800213768
"VIM",2.88838258587797,2.54919095183431,2.32300449917047,2.33934761550069,2.08078872558839,3.16816449784853,3.42627731483164
"IFT57",0.649604459891594,0.234376910830767,0.232424236078883,0.227569733334661,0.174564715824445,0.385657836558548,0.131824365688137
"CD247",0.321805601101284,1.15034085405596,1.35082602077531,2.11502066646367,2.62379801662558,0.176898638217411,0.0525901353498408
"FAM129C",0.589826816559864,0.00455466371136096,0.00438791956994077,0.0265440416723065,0.00307153282941635,0.621650955414073,0.00972355968739691
"SAMHD1",1.11511843996477,1.0133943579939,0.81142164499529,0.913455007521305,0.840116592197253,1.62556795159448,1.72818392531946
"STRBP",0.602071635112498,0.138622392263232,0.0943507316509537,0.13797521625821,0.0152641814649167,0.454973982190838,0.0333780274517729
"CD7",0.245114970340152,1.31917530666413,1.48792508688648,1.994465665569,2.20723543175605,0.314393421477634,0.117752619425229
"TNFRSF13C",0.910326593936583,0.0402638877229408,0.0493347270393072,0,0.00307153282941635,0.661018980044822,0.0132822238676367
"IL4R",0.979417889419195,0.297353997112281,0.196946792215397,0.205912357250124,0.192487691555205,0.135520423326761,0.296828406059588
"TCF4",0.744561269046205,0.0155303835712091,0.00657468022316418,0.0395564346326721,0.027309958377408,1.58042268098305,0.222265597676725
"GZMM",0.22165412356113,0.797585198828179,1.74218178772789,1.81883927022873,2.14258569671349,0.108268478659101,0.0413046203402851
"FOS",2.889206901707,2.93806884168718,2.94901620801616,1.66590631106919,2.05432876477862,3.33075620416637,3.91852183981974
"LAT",0.155731755717806,1.16570406217203,1.11417865252255,1.27601883462779,1.07249390811505,0.0843035937025897,0.0904111957471267
"ISG20",1.56317281495879,1.28530615403426,1.27513072969166,1.34842220409965,1.10968556496565,0.869348578249339,0.254277636697246
"CYB561A3",0.867702784735959,0.227647720008524,0.221912532371902,0.309792975234878,0.263496678685032,1.08865782812474,0.384236785133245
"PLEKHF2",0.654428309358097,0.190074954521096,0.187877218406671,0.216799674388952,0.195022093599519,0.382662731013938,0.266564593944322
"ARL4C",0.861462605412605,1.48552128444794,1.91406461865878,1.96850708063418,2.06335703517342,1.22026654269944,0.593306626034239
"FCRL2",0.563824814586787,0.00520363978945297,0,0,0,0.173206939267293,0.00359337344262336
"ACTB",3.93375072741775,3.89675026439082,4.18709141294614,4.62240604175877,4.64281390989049,4.47438823434235,4.5244321937357
"LINC02397",0.456004774167365,0,0,0,0,0.173206939267293,0.0020549370835453
"EZR",1.0967357788843,0.758345555813517,0.93269346258011,0.908045228944043,0.735209022805033,0.930149065747748,0.650993185535721
"RGS10",0.706923044998129,1.1983011536595,0.842199294411545,0.799274104670591,0.438673948118495,1.01174159642645,0.883717416171197
"YBX3",1.18544541517051,0.107484991159382,0.35063365717883,0.205912357250124,0.105031117571241,0.766520659815451,1.39300900438241
"ACTG1",2.91783824499721,2.91673713036912,3.04860257751914,3.36923016344566,3.39398867284719,3.19067281113592,2.90046167909183
"IFITM2",0.761133555658702,1.17923172715441,1.5017333904832,1.90851047737932,2.34131359074385,0.957530300865864,1.24311741263721
"AGTRAP",0.350907467989594,0.257830754498046,0.474284055608614,0.642449673550913,0.933847670675149,0.294936185703205,1.33151826424577
"STAG3",0.402981494648551,0.0631766829772014,0.0863152941102161,0.052401677911621,0.0740924589198067,0.0843035937025897,0.0253881013374882
"ZAP70",0.166763853115277,0.758956356828076,1.00848113814592,1.43852787111212,1.53917492801004,0.0597502621260253,0.0442609686427965
"POU2AF1",0.609145811577997,0.0168137604449211,0,0.0133600915191788,0,0.336625148179454,0.00256801222444327
"NOSIP",0.538210262008793,1.71486435961598,1.28186559636785,1.42890781506504,0.708304409488848,0.506632982404291,0.500792119737592
"IER2",2.45781477235389,2.57529659387604,2.6904277856496,1.9341099396147,2.16189220879292,2.41029902948491,2.5450368715737
"MYO1F",0.654428309358097,0.535078951665037,1.18519969981831,1.66590631106919,1.70148883614453,0.980888898525544,1.60633423760128
"PDLIM1",0.731281080075766,0.0142453575245602,0.106284104448525,0.259200958019116,0.345161621361001,0.578205555002993,0.0273915757305495
"HHEX",0.660186379873997,0.011670340920388,0.0260432741934072,0.0265440416723065,0.126945564145183,0.514551133626631,0.638579155101714
"PRKCB",1.26011840080158,0.663230533895814,0.872057895880914,1.26088714291648,1.10051652195089,1.25220270032878,1.18335967121906
"CXCR4",1.61015081887666,1.46974806071733,1.76728009360166,1.32724625509531,0.881731260536376,1.36390752910617,0.727884048646823
"FAM30A",0.725919226059459,0.00585219497073224,0.00657468022316418,0.0133600915191788,0.00307153282941635,0.568289223911755,0.00256801222444327
"NEAT1",2.22479301080734,1.81666914106056,1.96155996832693,2.58622972029169,2.35775036806707,2.14040901601472,3.83015002636488
"CD3G",0.115307095258029,1.59027056175608,1.62332944112722,1.14374755151366,0.542233372631415,0.120038937877668,0.0574574327596433
"TSPO",1.28859532913001,1.15815437547276,1.13418221136513,1.07730762400374,1.13965572440548,1.49047472555363,2.54483507992389
"GZMA",0.451298986104047,0.664237959073337,2.36104959875806,2.7528394872902,3.14738674686034,0.143172205277616,0.0790717717447042
"AFF3",0.532790303820447,0.0619514845883952,0.0195957653461975,0.0395564346326721,0.0152641814649167,0.493295122826517,0.0408110447836163
"MT2A",0.340422699614646,0.63321861932872,1.16414339614799,1.5152877449001,1.44003387518015,0.400500264195929,0.810778125808243
"CIITA",0.756798985042727,0.0155303835712091,0.0493347270393072,0.0650840113209944,0.0769449533333723,0.766520659815451,0.520236982996117
"TCF7",0.242212289042057,1.40596306294598,0.970888796832109,0.902606025407862,0.277579084644869,0.234184316069099,0.130922462191366
"CD1C",0.949059444090333,0.00325544667703812,0,0,0.00613366022663245,1.19662410576707,0.116837929009065
"FCER1G",1.19502015568499,0.108655684921453,0.293274614012183,1.32724625509531,1.88455170861821,2.36423732034847,2.76397043433704
"BIRC3",0.710569295327625,0.579158878171232,0.289989446989974,0.248767993169057,0.16156301877622,0.555753908071339,0.242241539043369
"REL",0.967525633975538,0.308912654165645,0.464659310473446,0.357948226491748,0.594503651137273,0.952453102321792,0.890494902897581
"TCOF1",0.665911484741796,0.234376910830767,0.345977415373576,0.29987726606989,0.345161621361001,0.628711830172745,0.372258620743304
"LTB",2.11577889377654,2.84309156306165,2.21792634381804,1.67350415225882,0.572187833121566,2.21752796055077,0.485718977350233
"BLNK",0.476911007320866,0.00195453948168895,0.00438791956994077,0,0,0.506632982404291,0.0153100747528802
"TYROBP",1.56084273364806,0.0968866126089059,0.725812048113025,2.17789977672602,2.77813766650412,2.27836724039945,3.27787077002425
"LINC00861",0.0885504784170087,0.8806873905465,0.705387766157491,1.0399813108686,0.829436589482563,0.0802530093974115,0.0323827709111892
"CEBPD",0.658270704605725,0.102199842521918,0.717263138901774,0.439183009187925,0.496485650451333,1.30246587249187,2.035972700444
"LCP1",1.23620040964105,1.10688683281507,1.5297437532966,1.77422395344427,1.8430494156194,1.55659846735013,2.19032926109622
"MS4A6A",0.967525633975538,0.044639198512926,0.0260432741934072,0.114263629236829,0.027309958377408,1.56582891898547,1.98727159955617
"ARRB2",0.524056801193629,0.637364578148894,0.732176107854601,0.886108619891648,0.903154244409558,0.794726824696926,1.44670962896893
"ID2",1.40370801375658,1.056029040611,1.64563075714188,1.11769886117515,1.66782082122428,1.24209366887286,1.78032385921018
"SOCS3",0.276500451256694,0.784278829133104,0.594072383851665,0.319611327682664,0.0597066442693082,0.291656185465296,0.770665786742672
"RARRES3",0.547892768967875,1.16142610183224,1.48990941374177,1.69348728759175,1.90307015107212,0.346003783709495,0.540210216152484
"CD2",0.317770726829071,1.2807868943381,1.52353343624373,1.6684453443359,1.55748721683139,0.382662731013938,0.0704820159696582
"SWAP70",0.71420229880238,0.0200150152012694,0.0366975952418052,0.114263629236829,0.0712318044999405,0.568289223911755,0.254676355650446
"MCL1",1.15848680029294,1.03748408141655,1.15171055894577,0.976187584782004,0.961277015350963,1.52072452579253,2.28803980924386
"CD22",0.783375350473266,0.00260520462428998,0,0,0,0.409301115889107,0.0213690704639861
"SMIM14",0.741037094076795,0.163849516275207,0.246270136106084,0.319611327682664,0.296052348603126,0.810494479216771,0.547970216099757
"FOSL2",0.191532208010181,0.13521017451003,0.456335150340586,0.329334216620615,0.340795475231552,0.320795936735669,0.950106666838791
"SERPINA1",0.317770726829071,0.0212926531556843,0.0366975952418052,0.052401677911621,0.0392123599033854,0.670061076488369,2.08631374163897
"CD14",0.231986035142284,0.0289243899628764,0.0451400689023423,0.052401677911621,0.126945564145183,0.339761143383702,2.32607668222256
"BASP1",0.956202236704805,0.014888076959363,0.00438791956994077,0.052401677911621,0.00918643961715708,1.19529410309588,0.58072616171236
"UPP1",0.180771458746118,0.577329981103142,0.628669754331115,0.561434267101493,0.809098852287128,0.216632511104962,0.783668234708115
"TOB1",0.496262368240463,0.947092907151187,0.9833031164862,0.670355041194082,0.469922182082681,0.889426704238995,0.796503786754828
"ITGAM",0.146177825884011,0.0383828784033895,0.266686035738989,0.561434267101493,0.802226639916222,0.234184316069099,1.00749118361122
"IGLC2",4.80188996914798,0.0465084873300897,0.0597450333909341,0.114263629236829,0.0769449533333723,1.73839776118416,0.0584280558151607
"FLNA",0.986347834757451,1.00959963706579,1.41105531590184,1.76965095842956,1.92035060837392,0.977585176176896,1.76106645828982
"BRI3",0.945468823920595,0.590062570203159,0.521065420243149,0.62099743371001,0.522361721258909,1.28436863266139,2.23080936115648
"GLIPR2",0.445385438405813,0.440623470468779,0.600123490930536,0.823177115945119,1.05121810773674,0.568289223911755,1.12715994476033
"MGAT4A",0.209714014668769,0.818513829317092,0.768513633379305,0.955710895071519,0.721847195695269,0.400500264195929,0.217725823736411
"CD93",0.126791694643802,0.0136022247358006,0.0109339078371344,0.0776075153743239,0.0362500144524165,0.220167603904256,1.09361755799892
"PKIG",0.425013708017681,0.0155303835712091,0.00875666938644232,0,0.00613366022663245,0.275092840867034,0.0183441615300421
"TLR10",0.458349390001303,0.00325544667703812,0.00219636651280864,0,0,0.432398277718897,0.0253881013374882
"IGLC3",4.34446863261274,0.044639198512926,0.0659395914336154,0.0265440416723065,0.065485827957524,1.3330788872986,0.0343722944415504
"GNG7",0.616170295399584,0.0282906317600836,0.0260432741934072,0,0.00307153282941635,0.631054419283764,0.0447528447532557
"RAP1B",1.12598799011374,1.37032571561548,1.66328719462886,2.00538775497652,2.3377559976545,1.2280247511918,1.34151762828979
"EFHD2",0.864587562546133,0.333507288194264,1.17777875379425,1.85945608210921,2.34338302352913,1.1307004195856,1.69927303370895
"SLC11A1",0.0986682912225101,0.0427664089100795,0.0260432741934072,0.126189701021043,0.0854539387697265,0.112207378883779,1.4121089251429
"CEBPB",0.721428947764081,0.575130880227889,0.660975375791524,0.6564996929073,0.784134674291846,0.835598220205967,2.10158263349186
"TSC22D3",2.10635971115124,2.09338770900947,1.95691066783463,2.03745600770901,1.74701179708159,1.56214695615636,1.81273737130823
"CD6",0.112001408753085,0.895711595127732,0.778657790509656,0.817254713856044,0.436688128595625,0.0514299955387637,0.0258893463654195
"GAPDH",2.48394872410306,2.16698226682465,2.3258012238194,2.67439243096399,2.52294089920364,2.72655568531651,2.98375270423081
"S100A12",0.200664433031982,0.0174548317636847,0.0217495571955809,0.114263629236829,0.0302988663820689,0.330323499268805,2.59697253598794
"FCMR",0.755929811729966,0.672926723949956,0.48381704742562,0.561434267101493,0.458318220600806,0.509279338608391,0.0248866049369744
"SLC2A3",0.423802348125508,1.00722060315901,0.859104318115297,0.774785718676482,0.554676415899005,0.485206171928706,1.35447527438392
"GAPT",0.783375350473266,0.00585219497073224,0.00657468022316418,0,0.00613366022663245,0.970944806332631,0.53720949279757
"AIF1",1.45080651129028,0.522395688218225,0.307925755399326,0.29987726606989,0.0568044793664405,1.67207308415384,2.90840593506795
"TIMP1",0.706009401255975,0.736416809239087,0.584313800164013,0.553733088731987,0.671267173960943,0.98253667572612,1.48073812196488
"MPEG1",0.561715150555111,0.011670340920388,0.0174373246630624,0.0133600915191788,0.00918643961715708,1.0181173565541,1.64031305436907
"ORAI2",0.753317749804529,0.219302989919642,0.246270136106084,0.329334216620615,0.275245745741767,0.514551133626631,0.349314700155855
"ADGRE5",0.423802348125508,0.494947170503387,0.806525902572332,0.918835677793191,1.1277752269968,0.46053916284273,1.15654470029047
"TNFRSF1B",0.487202474461281,0.38982466790682,0.513199597204961,0.670355041194082,0.771414924003028,0.619286207764447,1.58569460011744
"TYMP",1.02096232288822,0.31082617428648,0.299812747291968,0.561434267101493,0.458318220600806,1.51783679381781,2.51986446524184
"BTK",0.659229000966258,0.00650032980079459,0.0109339078371344,0.0265440416723065,0.0182892561769138,0.62401012422221,0.578421702802283
"TRBC1",0.265201192854002,1.8884542287814,1.70929950829656,1.54441452733914,1.83326015052209,0.198767128231096,0.0913503691736146
"PTPN6",1.37649882128719,0.679228801245045,0.917875763102511,1.09994829959795,1.27046823395159,1.27458116477422,1.37184291559083
"S100A8",0.997336815949005,0.161077725173672,0.12779882367716,0.606435932187781,0.291465927262463,1.28193073176791,4.53155952525264
"RORA",0.149372621855121,0.868722236429468,1.22214814909144,1.22991903195172,1.11776584078355,0.108268478659101,0.0323827709111892
"PAX5",0.411607351656759,0.00130345069829687,0,0.0133600915191788,0,0.24111967846126,0.00410566005892054
"SAT1",1.95378576658901,1.59847993087379,1.64563075714188,1.41593539924148,1.40593302265633,2.21752796055077,3.17187988379936
"FCN1",1.25061974187729,0.0717112963115511,0.118076749565323,0.149623449494584,0.129651408739242,0.965935430849402,3.1847969621151
"IGHG4",1.85424142238022,0.0174548317636847,0.0217495571955809,0.052401677911621,0.0362500144524165,0.298205462702197,0.0363578676260394
"CD99",1.09487878951748,1.32196112016662,1.77774044940541,2.03920777906599,2.17560757473449,1.25094464594248,1.2408895893422
"CLEC12A",0.447755055539663,0.016172277890076,0.0345757928494942,0.102193607783567,0.0769449533333723,0.762425468044853,1.62351866752891
"LEF1",0.0783292482265474,1.11204770296706,0.268368694790524,0.545972141626819,0.0392123599033854,0.0514299955387637,0.0313865228481227
"NKG7",1.06851222157064,0.393351403684759,3.15803415548623,3.71388824953792,4.27332740397204,0.479776957143995,0.343130686175309
"ITM2A",0.25950332270939,1.0485151539868,0.923130646986394,0.986270810747766,0.742555832217336,0.123931836821986,0.0253881013374882
"SDCBP",0.727709707018598,0.679559391902146,0.553189571572896,0.62099743371001,0.693038582868331,0.93534048189488,1.70011881636262
"TKT",1.08115446634358,0.752216938228318,0.693369672372426,0.649499358406641,0.596199801250158,1.41860312327322,2.35259616166466
"CLEC2D",1.10474312136907,1.20438212092555,1.26773149889457,1.29461703951141,1.10256136482511,0.446567705691677,0.19598158518464
"LST1",1.17977009094801,0.333039974205113,0.545573365324907,0.357948226491748,0.241994101179689,1.35487178198006,2.58113996968995
"LGALS1",1.84081455684189,0.857719176053457,1.05011135420304,1.54153973043994,2.02512167243262,2.30284686911154,2.6532120369804
"FOSB",1.9558832925248,1.89308118270001,1.98085436722811,1.21406775599445,1.15721594175975,2.09490762764967,2.6602494824848
"GLUL",0.363860704895498,0.21035974588937,0.270048527256089,0.522321226732717,0.572187833121566,0.545611275246609,1.29048989536127
"IGHG3",2.08839863585343,0.00844221762375199,0.00657468022316418,0.0395564346326721,0.024312090013306,0.514551133626631,0.0168282688513412
"DOK2",0.541448192279214,0.737976926038815,0.986587737507168,1.3827484474367,1.56330279989154,0.658745623003388,1.11526109217734
"PPP1R14A",0.551099549218807,0.00260520462428998,0.00219636651280864,0,0,0.612158226345546,0.00666316395557942
"ZYX",0.33646239564191,0.388498928742429,0.460505891837249,0.730432804092862,0.596199801250158,0.701079675509189,1.15719157976735
"CD63",0.979417889419195,0.540411507605795,1.18048365569484,1.63492417090209,2.09867644788653,1.0930899467359,1.58537857885783
"CSTA",0.611157847041633,0.0136022247358006,0.0174373246630624,0.0265440416723065,0.0182892561769138,0.878525003675183,1.75290208438672
"FCGR2B",0.662098392346144,0.00130345069829687,0.0109339078371344,0.052401677911621,0.062600410978119,0.782735753356055,0.0776452598890689
"IGHG2",2.7626697770815,0.00908867648374237,0.00657468022316418,0.0265440416723065,0.0182892561769138,0.747958768292612,0.00512944665036304
"CDC42EP3",0.250895177890826,0.32317559364245,0.634515689406295,0.606435932187781,0.663375352670112,0.285063732269397,1.02683151220986
"CST7",0.400503235753864,0.314166049079912,1.99291433881291,2.4917649714727,2.91381608784284,0.244569405438815,0.0613342850967678
"CYBA",2.72551830736113,1.80429484323432,2.37300653775964,2.8327271365828,3.20752867518411,2.94910163899245,3.09045372304696
"RPL30",3.88769657483637,4.43584835653219,4.14684651807666,3.91008595559703,3.57248019248651,3.89045884129338,3.44523796544027
"RPS27A",3.85471322325447,4.38767844586709,4.15432919803379,3.93510488667415,3.75272497701831,3.90340674749077,3.26201883948006
"RPS27",4.23704719585662,4.7309621506606,4.50176256581929,4.27481246677378,4.04326962570338,4.214492727248,3.44654938659689
"RPS12",4.12383951229311,4.78869597862349,4.53050777538849,4.21583983005994,3.83834608173217,4.24855161598706,3.68034806707909
"RPL32",3.98881305703991,4.49045763000226,4.16148220654981,3.89241213092858,3.53381253053187,4.00713900057376,3.56108984275373
"ZEB2",0.931705662800315,0.0477527414480745,0.757234905113538,1.31287565727152,1.68622197350335,1.07973422095995,1.72516527113393
"FGR",0.670657494337876,0.0263869436853677,0.43093866555881,0.857993331422879,1.15624842190382,0.829860731712585,1.5331506761401
"RPL10",4.47094844344765,4.88551086965621,4.71882208687506,4.4102521006689,4.21675654817583,4.51932722147053,4.01789214202105
"RPS3A",3.99004703186736,4.46146479868972,4.09920455613241,3.91760407959683,3.56354115540548,4.1498518385936,3.58167975264215
"FGL2",0.936798365895863,0.0644003820916369,0.108259228022275,0.338963480564228,0.536852875099022,1.0722365659563,2.10934891742416
"VCAN",0.728603746748119,0.0545686025551182,0.0555939067104055,0.205912357250124,0.0740924589198067,0.737495757910412,2.70817182706688
"RPS18",4.01904825281789,4.40371244700769,4.16456146939218,3.77278775991026,3.48249593632548,4.08296857679945,3.38129693593284
"OAZ1",2.47010609813034,1.91887182785965,2.13071475000771,2.20049617335814,2.27651994917273,2.55661285075764,3.10362830773037
"CST3",2.95670851051654,0.078969148760165,0.196946792215397,0.319611327682664,0.370965587118588,3.60488300106442,3.40365533237385
"CFD",0.24945325524699,0.0631766829772014,0.0638789994302002,0.052401677911621,0.0480471044694718,0.346003783709495,1.97564400040893
"CD68",0.42258951906067,0.0346102117829766,0.0451400689023423,0.0265440416723065,0.0362500144524165,0.990735078597189,1.83440690332248
"GSTP1",1.70572949587571,0.757734381493052,1.13982478067524,1.52704045671009,1.75182574600685,1.968724740374,2.38271161640072
"AC020656.1",0.0902439055825113,0.0314554138996812,0.0324494788373292,0.0395564346326721,0.0568044793664405,0.778706562906496,1.24829644651545
"CPVL",1.17004749839703,0.0174548317636847,0.0388149051192711,0.0265440416723065,0.027309958377408,1.54447007613665,1.70853753013985
"FTL",3.44275610749172,2.8254641467606,2.88429948153751,2.85851281869514,2.92856471192583,3.63596488182909,4.9951139395904
"GRN",1.19614059230634,0.159966853958196,0.160164256076774,0.29987726606989,0.251607928276604,1.77483779620452,2.20142934024866
"MNDA",1.20561395588029,0.0390102747249287,0.057671624030713,0.0899761191684377,0.0712318044999405,1.45723496357178,2.70143027463689
"S100A9",1.95273535145507,0.328354783848051,0.37812479891489,0.762312911050075,0.545804354799232,2.0219390125776,5.10690715840667
"LYN",0.796820721021753,0.0180954923732923,0.0983443663212988,0.357948226491748,0.622954091425943,0.962581851628938,1.35328006024501
"KCTD12",0.616170295399584,0.0396372776671155,0.0281832389217104,0.0133600915191788,0.0122299279021762,0.743786691873975,1.40000824063321
"ANPEP",0.0540654084655757,0.00390526618979749,0.00657468022316418,0.052401677911621,0.0152641814649167,0.191530638507447,0.853951595517591
"CTSS",1.59448481082292,0.610811769313347,0.698850353803324,0.869334478175683,0.948252461214238,1.86461746790814,3.45995787437696
"CYBB",0.581579505275959,0.0155303835712091,0.0260432741934072,0.126189701021043,0.0392123599033854,0.917929913624288,1.92788212404134
"PLEK",0.841707215749818,0.0813767740501978,0.936148301300311,1.2377514313065,1.57928196500111,1.30246587249187,1.2265127732934
"PLBD1",0.409150404105317,0.00908867648374237,0.00875666938644232,0.0133600915191788,0.0122299279021762,0.61453986996153,1.29838222652312
"RAB32",0.546821552930374,0.0103803418257418,0.00875666938644232,0.0265440416723065,0.0122299279021762,0.919684674696255,1.14023520182225
"SPI1",0.94834235072001,0.0219308605192966,0.023898720193431,0.0650840113209944,0.0421659557766755,1.35487178198006,1.9333278535833
"LYZ",3.75563873824467,0.370652377588815,0.503943915350725,0.762312911050075,0.6490112016134,3.79301972375732,5.03569473406728
"RGS2",0.694055440372077,0.271842270517037,0.482460742789206,0.269526199025664,0.458318220600806,1.25971797001937,2.10584903028835
"NAMPT",0.763725308118917,0.281731645898454,0.247987471444183,0.248767993169057,0.202586986980142,0.679022145534252,1.93822599256767
"RNF130",0.707835854757302,0.120865927633583,0.225428725233127,0.194905200508277,0.275245745741767,1.21375507119888,1.50180485621709
"AP2S1",1.05956658133239,0.61786799331414,0.711882718181816,0.869334478175683,0.939874903482657,1.32492867702036,1.56397436392467
"LILRB2",0.212712434050806,0.0129586780610591,0.0152742150342859,0.0133600915191788,0.0302988663820689,0.385657836558548,1.1692437280162
"TRBC2",0.804305047676925,2.14095447703215,1.9759893577311,1.95145639824778,1.52119327099634,0.44092400428965,0.11957949410184
"KLF4",1.00074625435875,0.101610875818086,0.0802460572599798,0.227569733334661,0.068362943253858,1.16557737725028,2.00099295010793
"IRAK3",0.112001408753085,0.0103803418257418,0.0131064162171825,0.0395564346326721,0.0152641814649167,0.216632511104962,0.890494902897581
"C5AR1",0.0291981635188767,0.00908867648374237,0,0.0265440416723065,0.024312090013306,0.0217514969222985,1.2231887704391
"PSAP",1.29672951160282,0.439363436707052,0.531457855867373,0.697502793015022,0.837457265827269,1.49935158888027,2.75364024613597
"C19orf38",0.279305429010874,0.0129586780610591,0.0152742150342859,0.0133600915191788,0.00918643961715708,0.285063732269397,0.993307976510382
"CD36",0.344367381427987,0.0155303835712091,0.023898720193431,0,0.0538938673816786,0.75625106278573,1.46553279496352
"STXBP2",0.564877979940715,0.402114208296078,0.45911757656226,0.690784635710406,0.675972543899778,0.790745755766432,1.66464675566846
"APLP2",0.81665577715539,0.193305298590429,0.22014978869215,0.329334216620615,0.55820331726397,0.683472746066824,1.90946168812738
"LGALS3",0.840908824370146,0.349267406244451,0.369044800405316,0.464858162751715,0.674406546022077,0.90021083825116,1.68029088667666
"TNFSF13B",0.46999071294054,0.11040915983655,0.13166134155385,0.114263629236829,0.062600410978119,0.735389954445537,1.39109158872818
"C12orf57",1.17234368614009,1.7427600456393,1.55513540376698,1.65825030044471,1.41643518861651,1.14339670454229,0.734073669813107
"CTSZ",1.41636630418615,0.187375006896062,0.230679940875925,0.269526199025664,0.268212883267704,1.72045485891083,1.67201646291092
"FPR1",0.0986682912225101,0.00908867648374237,0.00657468022316418,0.0395564346326721,0.00613366022663245,0.18424140005276,1.10679583776992
"ZNF385A",0.28349819827617,0.0103803418257418,0.0131064162171825,0.0265440416723065,0.0122299279021762,0.568289223911755,0.87088447661062
"LILRA5",0.055818200146729,0.00325544667703812,0.00219636651280864,0,0.0152641814649167,0.291656185465296,0.959606924960658
"JAML",0.920704601810848,0.371102445104289,0.482460742789206,0.216799674388952,0.068362943253858,1.25596739506727,1.56880631189869
"TIMP2",0.359992320899166,0.0301907026913362,0.0174373246630624,0.0133600915191788,0.0362500144524165,0.376645472863926,1.24474800109989
"CTSH",0.920704601810848,0.178140272082013,0.182395726231874,0.0650840113209944,0.0597066442693082,0.955840763949444,1.10168207313992
"DMXL2",0.0697310179997816,0.016172277890076,0.0174373246630624,0.0133600915191788,0.0392123599033854,0.158302328690116,1.02221643092765
"PYCARD",1.03223925184676,0.480128458673757,0.603736657178086,0.749682565485041,0.884275562637119,1.40682415037933,1.80261457424871
"ZFP36",1.73848656552715,1.30353595478184,1.71089009389411,1.33435484590488,1.3540867192154,1.81573796695661,2.44842859054195
"RHOB",0.946906619464481,0.199200629153069,0.364473695431371,0.412831231538058,0.547585075271862,0.865654299637479,1.55108288611582
"KLF10",0.521861455452876,0.143153979433733,0.241100363421113,0.114263629236829,0.184845716837969,0.595325981739803,1.18335967121906
"LY86",0.91181577686347,0.0187357427996575,0.00657468022316418,0.0133600915191788,0.00918643961715708,1.0661977024308,1.19463527980607
"DUSP1",2.37332292913557,2.04572393062499,2.48311421107347,1.85525749040291,1.82882352171422,2.46448308229797,3.3924953912632
"CSF3R",0.305567493325667,0.0339800479239363,0.0535118634912805,0.102193607783567,0.0302988663820689,0.397549350178543,1.54397050573754
"CD302",0.239301157651368,0.0136022247358006,0.0217495571955809,0.0133600915191788,0.0362500144524165,0.60016417450742,1.15314170072009
"DUSP6",0.262356315991729,0.0849773780161586,0.12779882367716,0.102193607783567,0.192487691555205,0.169501561161117,1.55260818474274
"ANXA2",1.40143064650449,0.702110185844529,0.99718885239862,1.0818769528934,1.2477612348018,1.61774779731226,1.83817785325145
"LILRB3",0.163624224785935,0.0155303835712091,0.0174373246630624,0.0395564346326721,0.0122299279021762,0.400500264195929,0.94252109199125
"AHNAK",1.05828207498482,0.799346078412646,1.1391211982297,1.18980952920854,1.30275457336098,1.19396232916154,1.82159472722265
"ATP6V0B",1.11390338671685,0.590785273140592,0.755170489687342,0.891638050753659,0.938672359621066,1.30842623027253,1.74951029370744
"TNFAIP2",0.478059747979557,0.0244796246690873,0.0303186339781716,0.0265440416723065,0.0362500144524165,0.517176645698185,1.4974428153103
"METRNL",0.370274942019116,0.0295577467705837,0.230679940875925,0.717390635122123,1.08712213893567,0.570777540688194,0.760861862368632
"HCK",0.339104340190316,0.0103803418257418,0.00875666938644232,0,0.0213052074041841,0.495976964594612,1.15573551205029
"BLVRB",0.51966127956341,0.14541209548024,0.156410481006334,0.205912357250124,0.227397809142524,0.616915854825663,1.57414790116767
"NUP214",0.429844526768532,0.144848044328184,0.191514924728933,0.248767993169057,0.202586986980142,0.420916380182338,1.21008787823453
"NCF1",1.38209319296163,0.543445963614396,0.415094983969297,0.456372813890669,0.137725288364986,1.30246587249187,2.05801796678021
"CLEC7A",0.332486345280471,0.025115801967449,0.0430361231452371,0.0265440416723065,0.0332788674311293,0.619286207764447,1.49698254430128
"ASAH1",0.790960602952241,0.434729681655427,0.45911757656226,0.756017678838652,0.777088129960582,0.747958768292612,1.73419403364174
"VASP",0.832084189595686,0.518131932261663,0.758265516843912,0.880548444344599,1.06615856197687,0.96426004705021,1.37249488835369
"PRELID1",1.3083076850649,0.855226713696259,1.11056409738724,1.29092496709832,1.62027969778286,1.43967032030716,1.80608473328869
"NPC2",0.99596977911744,0.440203635599618,0.361414642354954,0.677211385018159,0.500223479307115,1.67041934151946,1.86832068628455
"ASGR1",0.144576592207925,0.00844221762375199,0.00875666938644232,0,0.0182892561769138,0.191530638507447,1.03270790598045
"EVL",1.13376538818069,1.88884884663706,1.80703801515465,2.17789977672602,2.13206146348635,0.800668868209125,0.53510361597233
"CD5",0.0523095391104343,0.618219500893327,0.379630148608822,0.338963480564228,0.0362500144524165,0.0721022842828663,0.0107416137925593
"LRP1",0.173013691823328,0.0110255493852585,0.0152742150342859,0.0265440416723065,0.00613366022663245,0.191530638507447,1.05246912947305
"SLC7A7",0.301466429860324,0.00455466371136096,0.0217495571955809,0.0265440416723065,0.024312090013306,0.314393421477634,1.28239214711341
"LMO2",0.602071635112498,0.00844221762375199,0.0195957653461975,0,0.00307153282941635,0.76856198384889,1.14368233075404
"CD163",0.133295585908539,0.00390526618979749,0.00438791956994077,0.0265440416723065,0.00307153282941635,0.198767128231096,0.793949822629885
"FCGRT",1.02029499714591,0.363876943924063,0.266686035738989,0.227569733334661,0.107796830926892,1.46437873823189,1.87520415184227
"LRRK2",0.202178395229272,0.0077953405843536,0.00657468022316418,0.0650840113209944,0.00613366022663245,0.244569405438815,0.871960200736323
"SGK1",0.379186311302922,0.208773190153975,0.205934847638304,0.0650840113209944,0.0568044793664405,0.548156594089332,1.09791528873013
"TREM1",0.0834529224582567,0.00455466371136096,0,0.0133600915191788,0.00918643961715708,0.123931836821986,0.783198368653817
"EVI2B",1.2952093837572,0.923287676396261,0.810444412096882,0.981241906641781,0.846734131639076,1.35260003032496,1.89061792247543
"AP1S2",1.01157899300131,0.438101813256973,0.349083984283527,0.464858162751715,0.394048186845762,1.59212526655225,2.09407235789958
"SLC16A3",0.233453346789269,0.113906912513588,0.244549846453045,0.114263629236829,0.16417691688907,0.406376096333966,0.928801607786392
"PLAUR",0.377918110230648,0.0346102117829766,0.0451400689023423,0.0650840113209944,0.0362500144524165,0.477051255953381,1.28296255448372
"NCF2",0.581579505275959,0.0327185276337167,0.0281832389217104,0.0395564346326721,0.0480471044694718,0.672308883183038,1.56505014965073
"TGFBI",0.504122996916639,0.0142453575245602,0.0430361231452371,0.0395564346326721,0.0213052074041841,0.837503424331349,1.17767382847506
"GCA",0.528433086735254,0.122598140796991,0.0659395914336154,0.13797521625821,0.0882742534344164,0.658745623003388,1.27939215870624
"CNPY3",0.946187980099519,0.464677158549785,0.567003722121179,0.677211385018159,0.668117915196687,1.2988725305305,1.40909745379998
"MYO1G",0.702346455888205,0.677905344629702,0.965042280527938,1.40279248565536,1.4645118949735,0.616915854825663,1.23537297749659
"IFNGR2",0.540370046679906,0.166613645782279,0.023898720193431,0.052401677911621,0.0182892561769138,0.5353647144176,1.10934294692904
"TPP1",0.603085300831144,0.205592507179021,0.268368694790524,0.489890570966666,0.458318220600806,0.724793902917617,1.11103742251341
"SYK",0.668761792594848,0.00973471770464704,0.0409277414658032,0.149623449494584,0.217547225661196,0.802641729001052,0.912829222745754
"CAMK4",0.0399313620218681,0.761700353933325,0.485171514991114,0.44781484725776,0.0332788674311293,0.0555987821619448,0.0223753435035559
"LTA4H",0.739270338194658,0.340026856954665,0.303065853295932,0.403890698550972,0.277579084644869,0.672308883183038,1.45778269659482
"NRGN",0.174570067314806,0.011670340920388,0.0217495571955809,0.0776075153743239,0.0122299279021762,0.301464086348396,1.00467058962109
"QKI",0.451298986104047,0.228166960771825,0.294913159246076,0.36730713033888,0.400252057846187,0.782735753356055,1.00805434897428
"CMTM6",0.770603987053308,0.510332763665089,0.518450347785067,0.599074887723514,0.689957251527127,0.974270503058595,1.17973078071305
"MS4A7",0.301466429860324,0.00973471770464704,0.00657468022316418,0.052401677911621,0.024312090013306,0.463310181881223,1.44743553506254
"GLIPR1",0.886956087896499,0.453965958304624,0.551924225286352,0.710805204189615,0.75708948039504,1.23059750258347,1.47263380955125
"LRRC25",0.374103828359647,0.00325544667703812,0.00657468022316418,0.0265440416723065,0.0182892561769138,0.471577463465618,1.0725514378166
"RNASE6",0.724125533527136,0.0238430423915183,0.0174373246630624,0.052401677911621,0.0332788674311293,1.11927789695392,0.877962964202522
"PICALM",0.289061351046094,0.159966853958196,0.268368694790524,0.329334216620615,0.422675865797657,0.454973982190838,0.90599411344535
"PIK3IP1",0.398018819830157,1.22067611155945,0.829809895743134,0.817254713856044,0.509507379900252,0.268389915459268,0.270888445153958
"GRINA",0.273687583465748,0.130069917000443,0.137427288411055,0.205912357250124,0.16156301877622,0.330323499268805,0.936289956506332
"RAC1",1.31230365725276,0.835060159816699,0.859104318115297,0.996253379374037,1.12478291679093,1.67866084097751,1.89835219283962
"H2AFY",1.02761120132604,0.670261289711707,0.603736657178086,0.787104869931679,0.714346079617761,1.52360394277699,1.62635424676553
"CASP1",0.776584260123831,0.404728145923961,0.682317364326531,0.811297027851182,0.846734131639076,1.01174159642645,1.41561088443275
"CD27",0.758535068559375,1.21875021515926,0.953245692506223,1.0399813108686,0.068362943253858,0.446567705691677,0.0303892812849983
"GPCPD1",0.37537687286178,0.257830754498046,0.270048527256089,0.29987726606989,0.364576749733317,0.415125612236497,0.966282081658255
"IQGAP1",0.945468823920595,0.649018967056731,0.834593231640448,1.17330416113008,1.17921438694181,1.10772339126793,1.57009089790287
"LYST",0.604097940072018,0.197596255415408,0.460505891837249,0.530267179137569,0.516872938050149,0.560786906153628,1.292610027819
"UBE2J1",1.0666020239377,0.241061122150945,0.304688446373368,0.338963480564228,0.327581478763607,0.901996941170039,0.799051244759889
"PTPRE",0.473456846428046,0.162741721603081,0.288342807474271,0.44781484725776,0.545804354799232,1.01014128447224,1.14940127040624
"CD300E",0.154145759349713,0.014888076959363,0.00875666938644232,0.0133600915191788,0.0122299279021762,0.327157720438225,1.10628563647985
"FGFBP2",0.337784240399734,0.0219308605192966,0.993124789458143,2.16717747081444,2.86716943081417,0.108268478659101,0.0348690574694285
"CCL5",0.874676753555278,0.958661321147857,3.13486811325772,3.44369016920683,3.7355510148531,0.367551147239412,0.254676355650446
"CTSW",0.480353278044986,0.602278047092835,2.1181022463109,2.58825329378413,2.94407125053923,0.275092840867034,0.0457358717423366
"TRGC2",0.0783292482265474,0.281239492995712,1.36888726540322,0.945313137541603,0.55820331726397,0.0345788568576921,0.0117586325175443
"GZMK",0.0680024646758412,0.893579050823453,2.3585577983948,1.52704045671009,0.279906991749303,0.0680018727205657,0.0569717677122053
"CD8A",0.0345791628950141,0.199200629153069,1.372795052087,0.799274104670591,0.153680077910127,0.0131075901564586,0.0163224602101166
"DUSP2",1.30329015989999,1.29356860210823,2.32257353876165,1.57271689620578,1.15624842190382,1.0661977024308,0.710599189028306
"CMC1",0.339104340190316,0.296384717808422,1.51196591389141,1.77194006997007,1.86711135672041,0.237658009659569,0.225143850910669
"KLRG1",0.128421637438353,0.387171429660256,1.43908023846727,1.24938619326329,1.01397681500592,0.104314002125699,0.0388343027753455
"CD8B",0.0523095391104343,0.393791372403041,1.30836044070332,0.891638050753659,0.0362500144524165,0.00438831430976404,0.0153100747528802
"PPP2R5C",0.652501561013967,1.16814041921499,1.66036601948862,1.8296888726649,1.78178745361961,0.731164997418477,0.689145344337138
"TRGC1",0.0627988046906885,0.1185516326359,1.07292954436646,1.14374755151366,0.905644686761348,0.0472437573564672,0.0127746179662147
"MATK",0.136531737288846,0.196525241128465,1.10183548439825,1.26848160951084,1.60987931909163,0.0761859511071385,0.0223753435035559
"CD81",1.20172402174638,0.918874250143418,1.60803392958218,1.86780074822149,2.05314513219397,0.933613002649792,0.470415153817345
"NCR3",0.240757782682085,0.188455860869357,1.07217726733899,0.918835677793191,1.22633319418112,0.139353633005212,0.00870446809176238
"PRF1",0.37537687286178,0.198666123857854,1.40351947547787,2.20791624646422,2.80213018530451,0.127809639851992,0.0353655738463228
"LYAR",0.217193272999086,0.657840391540087,1.48742838931898,1.16913489827319,1.03386542185174,0.254847752308237,0.306337680018612
"C12orf75",0.51635191256534,0.574029513610751,1.21173001540219,1.57550357069128,1.72806743481856,1.31316906927867,0.0258893463654195
"SYNE2",0.333813452729136,0.906043116912517,1.36327808900595,1.39947958874298,1.48562352323732,0.187892660890056,0.045244479040549
"KLRD1",0.305567493325667,0.0831786965759178,1.40567837375883,2.17025273614614,2.67235366771269,0.0923558704373733,0.0398231622180223
"KLRB1",0.273687583465748,1.37890324498189,2.77848547148227,1.90851047737932,2.03361147504192,0.169501561161117,0.0666405342130556
"PRR5",0.139757449766187,0.327885055240613,0.864676410330304,0.880548444344599,0.991404291788473,0.0843035937025897,0.0709611652473824
"LINC01871",0.0470233564444767,0.169920547333428,0.684537619821871,0.704176117707115,0.914312713839744,0.0514299955387637,0.0132822238676367
"PRAM1",0.16047470813675,0.0180954923732923,0.0303186339781716,0.0265440416723065,0.00307153282941635,0.320795936735669,1.0138552283832
"PILRA",0.280704972932092,0.0129586780610591,0.0195957653461975,0.0265440416723065,0.0421659557766755,0.426673808106476,1.08340107606104
"PAXX",0.664006756002071,0.855781131339233,1.44220394336922,1.49438215694962,1.65673274894814,1.00693295701592,0.614670561541923
"FKBP1A",1.09239742729723,0.856889045339622,0.732176107854601,1.01104283646696,0.821351061383421,1.44694022225635,1.75841147958577
"LY96",0.325824260565904,0.176501723357833,0.0597450333909341,0.102193607783567,0.00613366022663245,0.651894377497771,0.939912760706892
"CFP",0.726814867266733,0.127202759909619,0.0303186339781716,0.114263629236829,0.0182892561769138,1.07674190135243,1.60344123495782
"SH2D1A",0.0452550675489913,0.444394073559306,0.780674331664565,0.749682565485041,0.575653617034215,0.0345788568576921,0.0117586325175443
"CAPG",0.98427388902643,0.262355901859326,0.202349313848494,0.205912357250124,0.110554916204406,1.27458116477422,1.42851183657915
"CD69",1.40416286549959,1.70246295138419,1.99021349796637,1.47610851444681,1.3201597133009,1.19129344858793,0.168553633072442
"CLEC4A",0.400503235753864,0.0103803418257418,0.0109339078371344,0.0133600915191788,0.0152641814649167,0.705433392607148,0.905162431697301
"GZMH",0.42258951906067,0.0452626831148797,1.72430888874179,2.39604850929779,2.9061070743429,0.131672463593689,0.0467179333382862
"SELL",1.27316307175137,1.46674387764461,0.843145997381132,1.07730762400374,0.475674055886551,1.30007174643508,1.04327164300882
"FTH1",3.29340026630886,2.87173567132328,2.7742413883097,2.69276937432871,2.60941597442616,3.79736954321753,4.57263002379551
"CD4",0.337784240399734,0.512678907715451,0.148860392064324,0.248767993169057,0.027309958377408,0.511918710091328,0.976018247658012
"XBP1",1.43329307142745,0.824536408205399,1.26649295342258,1.26088714291648,1.53719285926336,0.80657581229985,0.772567591326757
"ALDH2",0.715108491111628,0.0129586780610591,0.0109339078371344,0.0395564346326721,0.0213052074041841,1.09750250831887,1.10287762603786
"C1orf162",1.19893620385684,0.75252426279858,0.486524150455464,0.464858162751715,0.697642850310443,1.41005038181429,1.69673138516901
"SCPEP1",0.633027101557287,0.138054497249029,0.162035872741181,0.238225032977673,0.224944245265088,0.474318105005349,1.13048633328409
"RAB31",0.410379632454757,0.00714804482417564,0.00657468022316418,0.0395564346326721,0.0122299279021762,0.5353647144176,1.04290922780253
"SERPINB1",0.802646698080697,0.66121263370255,0.676745062631172,1.07730762400374,1.18110462053822,1.01652722343819,1.49640690746672
"LGALS2",0.719627175666691,0.0077953405843536,0.00875666938644232,0,0.00613366022663245,1.01014128447224,1.3503523975728
"MYBL1",0.0731791866992753,0.195453078539962,0.743739390014425,0.591659256217693,0.834790848579395,0.0430399208876243,0.0188489488680548
"COTL1",2.00094958754081,1.40644253447016,1.28064444410304,1.47303017669346,0.364576749733317,2.44407712831917,2.89236827038269
"IL2RG",0.836105043595264,1.14475180598569,1.38662808027789,1.58932163652348,1.61662131460601,0.735389954445537,0.244660375889551
"JUN",2.92888696083628,3.27949421655853,3.45066253199389,2.60826695222291,2.98718362533639,2.75632925489447,3.03676265143602
"PPT1",0.655390293181299,0.399055953500107,0.294913159246076,0.403890698550972,0.298337695094033,0.894833308367934,1.31425882032649
"APOBEC3G",0.532790303820447,0.380507371068979,1.07292954436646,1.07730762400374,1.53321689690339,0.409301115889107,0.291847614490215
"BNIP3L",0.495134360203143,0.430498463120324,0.315973471961721,0.44781484725776,0.366710900658599,0.522407079955494,1.06087098951988
"ABHD17A",0.673494325776967,0.881498006656666,1.45100181676797,1.6984212942941,2.17630588157137,0.656467086031648,0.666957202725041
"NCOA4",0.492874519730698,0.328354783848051,0.353725817065594,0.506237361517957,0.379421035061252,0.733279707213083,1.20809249222342
"ADA2",0.550031764665448,0.189535547858568,0.205934847638304,0.259200958019116,0.227397809142524,0.595325981739803,1.27379676114223
"PLP2",0.871583214769375,0.896776164296435,0.631012230949148,0.481615864647635,0.258758126077216,1.36165623498438,1.12265169628592
"ZFAND5",0.814197804363818,0.521621810842488,0.568250142563498,0.348500905423668,0.46220118832,0.774661072383015,1.47933338604444
"TALDO1",0.989106421810472,0.651061598213325,0.704301161021943,0.723932981728232,0.741090782039575,1.10189568470915,1.86106967716089
"SPOCK2",0.199148175277331,1.03725296847893,1.1818333678982,0.940073433207623,0.473760438271704,0.205951627176704,0.0293910442383185
"ATP2B1-AS1",0.764587735045041,0.397742404302791,0.365999719933922,0.29987726606989,0.404366692266993,0.62401012422221,1.35128485666281
"ZFP36L1",1.20727644951764,0.906570072146612,1.02597247451013,1.06810584884619,1.03605104643214,1.10043343597545,1.76230304017759
"NA",NA,NA,NA,NA,NA,NA,NA
"GZMB",0.234918508586899,0.014888076959363,0.827890136459521,1.88836275875288,2.68544487574058,1.99478874415324,0.0213690704639861
"GNLY",1.30630369505265,0.632872345616462,2.51810553229726,4.04454840000648,4.65684661818532,0.563293937806559,0.263408190436692
"HOPX",0.270866781125507,0.29201129689872,1.11201148761946,1.683545634807,2.13896914858647,0.158302328690116,0.0198577597558354
"FCGR3A",0.22165412356113,0.0180954923732923,0.594072383851665,1.91050310174421,2.40522173625821,0.127809639851992,1.14220644456798
"TRDC",0.147776499709186,0.269354569540826,1.04471134651187,1.88223842709022,2.15192796388485,0.0802530093974115,0.0193534815243656
"CCL4",0.396774293407159,0.0244796246690873,0.944733536556472,1.19796116457995,2.19942175233581,0.223690243831585,0.40262710425812
"KLRF1",0.211214348174215,0.0257515748015532,0.775625333644353,1.68852881570601,2.37763821074742,0.0883378369431618,0.0303892812849983
"SPON2",0.26377976608807,0.0698885725356143,0.580629639246358,1.66080882223781,2.41075874073905,0.104314002125699,0.0417979524003028
"MALAT1",5.58366386763985,6.12598065863393,6.09120669525795,6.04479083148486,6.20940043251662,5.75731137953586,5.22396043508898
"RUNX3",0.376648298781917,0.50404933514326,0.984946775587984,1.1774561133817,1.34290512461062,0.376645472863926,0.254676355650446
"LITAF",0.992543988661589,1.02492691255926,1.43490006202163,1.994465665569,2.04322666176915,0.974270503058595,0.753626869682651
"ADGRG1",0.081747946278055,0.00455466371136096,0.319174511318747,0.805303634987286,1.34290512461062,0.0430399208876243,0.0112502524459321
"FCRL6",0.0434836462681081,0.0212926531556843,0.423768095311955,0.852274157396641,1.15334023305626,0.0430399208876243,0.0122667542701779
"TTC38",0.115307095258029,0.0180954923732923,0.275071159703811,0.918835677793191,1.29688488304853,0.0555987821619448,0.0781209899807805
"PTGDR",0.0540654084655757,0.0314554138996812,0.481102596091847,0.811297027851182,1.13768541746622,0.0174388831508245,0.00717388077150527
"PRSS23",0.0766155063771144,0.00195453948168895,0.261621003542953,0.918835677793191,1.30609327787109,0.0260455918920911,0.00666316395557942
"CHST12",0.457177769237103,0.309869871920899,0.777647992964985,1.06810584884619,1.26440535530004,0.37965862785656,0.151463187303457
"APMAP",0.343054215677734,0.285169950855139,0.872057895880914,1.21006536362793,1.55424166327545,0.352207695122728,0.268925375582487
"TBX21",0.113655617950343,0.04588577922599,0.523673671930203,0.857993331422879,1.24864418202378,0.0217514969222985,0.0122667542701779
"TPST2",0.402981494648551,0.262355901859326,0.779666569391803,1.14802378702889,1.3258947516397,0.317599803123103,0.489823772319785
"MYOM2",0.168329978525556,0.214578296137216,0.249701862597049,1.64015497998407,1.81889330161741,0.0388183375465301,0.0248866049369744
"CLIC3",0.0885504784170087,0.0613383220171552,0.584313800164013,0.955710895071519,1.7900388761213,1.03856223228352,0.0137895722360273
"SAMD3",0.0868541786907811,0.359334349384786,0.834593231640448,0.996253379374037,1.17732057359471,0.0430399208876243,0.0178391192530774
"PTPN7",0.269453390486063,0.453137248056367,0.711882718181816,0.996253379374037,0.933847670675149,0.36144198783483,0.107182824973803
"SYNE1",0.256642166562231,0.412097411489172,0.743739390014425,0.902606025407862,1.11776584078355,0.135520423326761,0.156313215921893
"CD300A",0.367714182143596,0.11040915983655,0.426642496397888,0.918835677793191,1.17447311180429,0.452179734395843,0.622979633476134
"PRKCH",0.120245225705855,0.683188694208205,0.872057895880914,1.13945295124815,1.08504544723854,0.0802530093974115,0.0516138265267565
"APOBEC3C",0.456004774167365,0.228685932064069,0.503943915350725,0.670355041194082,0.742555832217336,0.291656185465296,0.337275294927375
"ITGAL",0.356108914376384,0.441462611792866,0.815321054653164,1.18980952920854,1.20627911808125,0.339761143383702,0.784607305012607
"PYHIN1",0.0919344698997911,0.267858972970546,0.721546728960668,0.897137075063892,1.26960435570331,0.0472437573564672,0.0112502524459321
"IL2RB",0.0680024646758412,0.14878973745055,0.580629639246358,0.880548444344599,1.2548030797878,0.0260455918920911,0.0127746179662147
"SKAP1",0.294593726288428,0.799052813723826,0.87572830632285,1.07730762400374,1.11776584078355,0.0345788568576921,0.0253881013374882
"TKTL1",0.0969890821516624,0.0783663356180179,0.0514254763223255,1.26469158568669,1.46947795654291,0.0260455918920911,0.00870446809176238
"RNF213",0.687559009945026,0.968365572006868,1.29158149944229,1.52704045671009,1.64848319268477,0.780723187426863,1.11171440961438
"ARPC5L",0.579507005620641,0.525485222727113,1.03850399037814,1.24938619326329,1.43784500494042,0.543059461220044,0.329537691814371
"CTSC",0.63400988465382,0.508765604045071,1.11201148761946,1.32367291992269,1.5225363908596,1.0722365659563,1.03069178820087
"CD226",0.0593145935113165,0.289573328427323,0.323956939496222,0.561434267101493,0.609666417674997,0.0472437573564672,0.0223753435035559
"CCL4L2",0.25950332270939,0.0077953405843536,0.213067576021219,0.561434267101493,0.838787813014093,0.00875745542441906,0.180216669505562
"STAT4",0.0714565885822146,0.303631515279066,0.548118551362205,0.79320799847118,0.736682709081714,0.0638845785338246,0.0153100747528802
"LLGL2",0.103689065976705,0.144283674842861,0.370563870492003,0.774785718676482,0.844092368554957,0.127809639851992,0.0313865228481227
"CEP78",0.149372621855121,0.173764828344086,0.382634066772421,0.84073673713926,1.13175109635346,0.18424140005276,0.0647142452567687
"LAG3",0.0291981635188767,0.0582668569246724,0.457727331188071,0.56907659028832,0.545804354799232,0.0174388831508245,0.00308082425423102
"SLC9A3R1",0.438242709055214,0.65919065335336,0.982480272718202,1.29092496709832,1.42756644576978,0.304712125846947,0.519013566271065
"XCL2",0.0147056445682832,0.00973471770464704,0.447941116519179,0.591659256217693,0.931426568923124,0,0.00512944665036304
"MACF1",0.521861455452876,0.645263272216342,0.866526896092593,1.10886296517403,1.07038658254818,0.517176645698185,0.559792318661807
"C1orf21",0.0309950491379134,0.0103803418257418,0.294913159246076,0.635349937585311,0.903154244409558,0.0260455918920911,0.0127746179662147
"DENND2D",0.214208279022753,0.70016931005129,0.789698780415293,1.09095344738668,1.11675936969391,0.220167603904256,0.165507546464982
"LINC00623",0.179224712528192,0.518520298537415,0.622789443240602,0.774785718676482,0.77425555013464,0.120038937877668,0.144811373354608
"MBP",0.604097940072018,0.749138486661948,1.00123646556189,1.1774561133817,1.51241874252751,0.75418442669993,0.726641513728977
"DIP2A",0.226095163275961,0.346042917849349,0.565755746175928,0.902606025407862,0.865033607112873,0.261641757481439,0.284523077727924
"MXRA7",0.0834529224582567,0.0723181333566259,0.256530186137447,0.439183009187925,0.622954091425943,0.0963578239268745,0.0383395061209813
"PTPN4",0.233453346789269,0.605842619045221,0.853501003634056,0.934806129697134,1.10562081035616,0.223690243831585,0.115464322734241
"PLAC8",1.24796513419982,0.942783526902591,1.19056237044611,1.54441452733914,1.90581857513909,1.92414395936504,1.03014123171476
"EOMES",0.0237880522668423,0.0508566203153215,0.581859201618097,0.56907659028832,0.6490112016134,0.0260455918920911,0.00512944665036304
"IKZF3",0.505240916772241,0.385398685144653,0.643798678183673,0.805303634987286,0.723340690460239,0.423799237635722,0.0213690704639861
"PTMS",0.211214348174215,0.0819777757337238,0.387123092376936,0.635349937585311,0.761408702463925,0.532786584746783,0.161139835252778
"CYTOR",0.431048593866866,0.385398685144653,0.728999140632319,0.976187584782004,0.965971470653104,0.349110550472999,0.460080921298669
"S1PR5",0.0452550675489913,0.0103803418257418,0.482460742789206,0.649499358406641,1.03386542185174,0.0131075901564586,0.00410566005892054
"PLEKHF1",0.0505505812543013,0.147102342522877,0.404880354786142,0.522321226732717,0.85592572764226,0.0174388831508245,0.00666316395557942
"F2R",0.0417090814845795,0.0276564716531076,0.200551714381445,0.561434267101493,0.626248604138251,0.00438831430976404,0.00717388077150527
"CCDC88C",0.337784240399734,0.533550126657752,0.757234905113538,0.880548444344599,0.997095369426565,0.268389915459268,0.405030924906231
"SYTL3",0.0593145935113165,0.164956085096163,0.336599380861253,0.6564996929073,0.752751521689928,0.0680018727205657,0.142138209073166
"TGFBR3",0.0327887117495323,0.0765557128179082,0.38562898842971,0.506237361517957,0.675972543899778,0.0217514969222985,0.00666316395557942
"PRDM1",0.277903923620987,0.256822379302707,0.461892282364783,0.690784635710406,0.709818252507257,0.0638845785338246,0.0530779325517819
"RASAL3",0.435850416642289,0.659865101172267,0.909055789567087,1.10886296517403,1.19609922331617,0.317599803123103,0.288770135393718
"SSBP3",0.194585558791097,0.310348137417962,0.353725817065594,0.749682565485041,0.817283648533776,0.202365829818161,0.303304539482932
"CBLB",0.1218858650962,0.242597308152088,0.479742602323158,0.642449673550913,0.46220118832,0.165782402148737,0.080496251562647
"STOM",0.152557243600882,0.255307907404053,0.769532692313659,0.834917722972082,1.00388218377194,0.158302328690116,0.282974210052711
"NCAM1",0.0110494576891718,0.00195453948168895,0.0555939067104055,0.421692539188736,0.502087167495481,0.0217514969222985,0.00768433688890252
"SLFN5",0.1218858650962,0.850780272023121,0.790696488164919,0.908045228944043,0.884275562637119,0.135520423326761,0.288770135393718
"NFATC3",0.381717898620177,0.477300046995716,0.639167955491387,0.880548444344599,0.826748670884313,0.36144198783483,0.42909146303774
"RASGRP1",0.186934629819414,0.659527934122795,0.664375592328855,0.663451363193271,0.492733797796046,0.146976251506981,0.0308880263778973
"PRMT2",0.564877979940715,0.912348326427836,1.05548235836035,1.32724625509531,1.38459189764849,0.633391533493985,0.542604328524579
"DSTN",0.476911007320866,0.752831492949466,0.816293535848112,1.1220877031993,1.33322037073597,0.583127087567384,0.446682169468322
"ADAM8",0.448937761770568,0.274323798191255,0.477017053427792,0.79320799847118,0.930213816343098,0.537936214424288,0.40262710425812
"TRIM56",0.372829161149209,0.375143963408322,0.356808444966446,0.774785718676482,0.621302755929731,0.426673808106476,0.456503719286837
"IDI1",0.577430201788553,0.476490457821623,0.687858787460906,0.736890651449988,0.930213816343098,0.527610299055652,0.507315842558928
"TRG-AS1",0.0868541786907811,0.22504746431137,0.526275138334284,0.697502793015022,0.865033607112873,0.112207378883779,0.116380269862583
"SPN",0.344367381427987,0.465905715826629,0.682317364326531,0.92951093472274,1.21178841672192,0.403442495934153,0.603202007989164
"SYTL1",0.663053029405519,0.822246367295213,0.972552970950596,1.20604688772256,1.31686772054557,0.506632982404291,0.385286825861048
"CLEC2B",0.82804710303852,0.827106451176734,1.31664550400473,1.33789028115224,1.5639468930069,0.826017369178242,0.921256760351817
"RALGDS",0.118601890193931,0.220349897270637,0.358346202751586,0.522321226732717,0.536852875099022,0.165782402148737,0.133625736053992
"ZBTB38",0.236381526825713,0.283206652986556,0.449345024329969,0.606435932187781,0.587690134203093,0.198767128231096,0.154552289593168
"ASCL2",0.149372621855121,0.00908867648374237,0.22014978869215,0.677211385018159,1.09744139610751,0.146976251506981,0.283748943764172
"SEPT1",0.580543792355057,0.989195120496721,1.02439493530768,1.22202480151295,1.06509875776762,0.471577463465618,0.185356896703071
"RHOC",0.427432034491495,0.144283674842861,0.589204995705055,0.934806129697134,1.27046823395159,0.71623547302144,0.657142884426285
"LPCAT1",0.300095662676891,0.109240518256825,0.522370396458543,0.918835677793191,1.07774287494212,0.158302328690116,0.268139067461672
"RAB29",0.38927443262401,0.358423348997419,0.608533993691739,0.756017678838652,0.800846511935968,0.330323499268805,0.23332207512473
"SH3BP5",0.682892726902829,0.511506523739101,0.596497222357467,0.908045228944043,0.872774876054815,0.446567705691677,0.303684185553336
"ITGB7",0.805133192317639,0.568873702959552,0.748951548701584,0.986270810747766,1.15139673119202,0.545611275246609,0.128211860826444
"PCSK7",0.775732121895675,0.965389666370382,1.12136880231994,1.41593539924148,1.32752731097481,0.522407079955494,0.528152915431154
"SH2D1B",0.0363664140537582,0.00585219497073224,0.0555939067104055,0.538150490796203,0.872774876054815,0.0345788568576921,0.0163224602101166
"BATF",0.146177825884011,0.29201129689872,0.464659310473446,0.670355041194082,0.80635563200886,0.139353633005212,0.163762750540069
"GNPTAB",0.324486501011648,0.232311209347778,0.401942621988055,0.749682565485041,1.05657964495176,0.285063732269397,0.344589192501408
"CYFIP2",0.463022194165095,0.657164576314815,0.697756617912857,0.886108619891648,0.91307901485432,0.406376096333966,0.234949724487907
"STK17A",0.863026304648508,1.00626740258628,1.25339476115075,1.24552296063125,1.3069262151909,0.474318105005349,0.161139835252778
"A2M-AS1",0.0291981635188767,0.120287855811834,0.490571113637965,0.506237361517957,0.318674134468762,0.0345788568576921,0.014296663332572
"PTPN22",0.311009545910423,0.272835620666359,0.513199597204961,0.736890651449988,0.824053507902987,0.358373355205076,0.195135751901145
"NFATC2",0.152557243600882,0.23849555633416,0.311152618064557,0.538150490796203,0.518705881907413,0.191530638507447,0.0163224602101166
"CDK2AP2",0.540370046679906,0.424117876232603,0.742693690337751,0.834917722972082,1.01174235346497,0.672308883183038,0.439086441185587
"IRF1",1.1325727954229,1.13766901689404,1.48990941374177,1.5558317763061,1.67763857659037,0.947349994228798,1.43355239768044
"FKBP11",0.899839752552815,0.520847334116705,0.855372265867058,0.84073673713926,0.845414122460787,0.205951627176704,0.0875883715613132
"GTF3C1",0.125159090797786,0.108655684921453,0.364473695431371,0.538150490796203,0.61633232467232,0.127809639851992,0.163762750540069
"CCL3L1",0.454830401564195,0.0289243899628764,0.450746963946457,0.606435932187781,0.559962114250273,0.108268478659101,0.468807453126597
"CD96",0.0487885240129402,0.509549490853708,0.692269922300736,0.697502793015022,0.611337064767568,0.0514299955387637,0.0137895722360273
"ALOX5AP",0.69774882527519,0.758345555813517,1.02990546899166,1.4973955607304,1.60309156036383,1.55101902096823,0.761342339129972
"ARAP2",0.223136662638867,0.231794116549799,0.540463476506072,0.684021039329299,0.636067515742631,0.187892660890056,0.255473316943137
"OPTN",0.176124024265284,0.667254159449664,0.76545021083427,0.897137075063892,0.919232345748202,0.108268478659101,0.0338752845175124
"ABI3",0.305567493325667,0.0915450014204189,0.531457855867373,0.817254713856044,1.23442261257755,0.403442495934153,0.629029371326318
"ZBP1",0.452477510789002,0.178140272082013,0.309540488311709,0.599074887723514,0.594503651137273,0.123931836821986,0.0637497075184101
"GK5",0.100344685276596,0.0945160850600205,0.237638940256828,0.553733088731987,0.622954091425943,0.0303213264236474,0.130019744530325
"LBH",0.628098645715576,0.973305818897851,0.935285709967417,0.996253379374037,0.884275562637119,0.37965862785656,0.0388343027753455
"CCSER2",0.200664433031982,0.512288265757233,0.55445331878139,0.684021039329299,0.494611483672451,0.209524612520162,0.193441936001893
"GNG2",0.265201192854002,0.431769709577738,0.691168961447147,0.971107586923063,1.08608433216806,0.251433361513476,0.480325618529502
"PTPRA",0.348296563846879,0.394670729547669,0.518450347785067,0.749682565485041,0.844092368554957,0.3239818876149,0.349314700155855
"CD160",0.0363664140537582,0.0103803418257418,0.345977415373576,0.561434267101493,0.954193750878915,0.0303213264236474,0.00359337344262336
"SH2D2A",0.0540654084655757,0.246172591436315,0.495941713132971,0.730432804092862,0.75708948039504,0.0260455918920911,0.00666316395557942
"TIGIT",0.0363664140537582,0.246172591436315,0.407809482583259,0.606435932187781,0.744018739162634,0.0303213264236474,0.0127746179662147
"TSEN54",0.138145894179576,0.319865724083555,0.622789443240602,0.717390635122123,0.86632798738002,0.135520423326761,0.0521021000856587
"OFD1",0.539290737427964,0.52123464745637,0.718335757876526,0.762312911050075,0.718853497882936,0.891232155493608,0.159825793208048
"RHOF",0.394280584362966,0.553994628747692,0.688963396709489,0.897137075063892,0.893129984663102,0.44092400428965,0.211917961567081
"ETS1",0.581579505275959,1.32473919446723,1.2286047930972,1.33435484590488,1.03605104643214,0.503979604412772,0.0766931202094767
"CD320",0.245114970340152,0.303631515279066,0.461892282364783,0.6564996929073,0.867620694392487,0.173206939267293,0.0233806049755235
"RAB37",0.217193272999086,0.267858972970546,0.497279868305986,0.697502793015022,0.791131912074285,0.0923558704373733,0.164199235008611
"RASSF1",0.453654648188314,0.323647539112814,0.897472279668419,0.811297027851182,1.2477612348018,0.397549350178543,0.405030924906231
"SEPT6",0.972439584615208,1.1203777223989,0.984946775587984,1.34842220409965,1.02617789660787,1.01333935147361,0.400562077435955
"ZNF276",0.305567493325667,0.480128458673757,0.639167955491387,0.834917722972082,0.89564548587095,0.220167603904256,0.223088801432009
"ITGB1",0.740154106313969,1.0314577172455,0.859104318115297,1.1607438591166,1.1725702894787,0.788749262142801,0.78343332927773
"LY6E",1.01225215861348,1.09822574971582,1.28430343634337,1.4353314575764,1.34531172833442,0.91264707929679,1.16860460051084
"PARP8",0.273687583465748,0.493753800201289,0.894779999067533,0.92951093472274,0.76856620572237,0.288365391412401,0.560086087909294
"ITGAX",0.522959730765997,0.0123147169672827,0.0782147649200502,0.768568761103487,0.945866026289568,0.597748004134415,0.819427256916264
"TXK",0.0627988046906885,0.548734205408567,0.415094983969297,0.774785718676482,1.04366333177741,0.0638845785338246,0.02839180971864
"GPR183",0.566980989006056,0.741089876676698,0.509243361667688,0.473272115860556,0.0421659557766755,1.11640176265595,0.415946826379026
"IGHA2",3.07608394848939,0.0371269036456452,0.0535118634912805,0.052401677911621,0.0362500144524165,0.376645472863926,0.0417979524003028
"C4orf48",0.417723439518301,0.432616310287492,0.495941713132971,0.553733088731987,0.320908419777052,0.621650955414073,1.07588885391307
"IGFBP7",0.287673461600187,0.00585219497073224,0.0324494788373292,0.412831231538058,0.96714164911947,0.358373355205076,0.299881223310925
"CTSB",0.51081184636785,0.346042917849349,0.239371149519513,0.216799674388952,0.158942270289936,1.00853840741416,1.42257822520944
"CD55",0.821553671762607,0.658515750347577,0.422327790501923,0.421692539188736,0.239576133153881,0.642685749289967,0.916743499183331
"ANXA5",0.956202236704805,0.545715778160424,0.663243470938728,0.670355041194082,0.404366692266993,1.25471407093137,1.53636467604606
"CALR",1.54989665234446,1.03679058230236,1.40081428176383,1.52995717855314,1.76349652890091,1.25094464594248,1.0106782686219
"NFKBIA",2.09753316616389,1.58051750067068,1.81744992301868,1.04944431729406,1.12178162578464,1.51687236040503,2.53920890875369
"CCR7",0.315071737607896,0.912871970418554,0.301440623130701,0.464858162751715,0.0421659557766755,0.195155429202929,0.0233806049755235
"RGCC",0.191532208010181,0.795232525670692,0.464659310473446,0.309792975234878,0.065485827957524,0.254847752308237,0.486351582010542
"RCAN3",0.212712434050806,0.986766985331244,0.501283623299346,0.522321226732717,0.0568044793664405,0.301464086348396,0.157192517626627
"PGD",0.215701889784135,0.112159565458513,0.106284104448525,0.149623449494584,0.126945564145183,0.385657836558548,0.981429377920111
"PECAM1",0.185397394455315,0.12202106974082,0.209507571293053,0.126189701021043,0.0769449533333723,0.355295277076907,1.18272950504687
"PLEKHO1",0.891522241240809,0.406901219977039,0.355268318839896,0.36730713033888,0.189946849993387,1.02445272376414,1.25828253103549
"AQP3",0.396774293407159,1.00674411644656,0.732176107854601,0.421692539188736,0.0854539387697265,0.100343825601858,0.0253881013374882
"CORO1B",0.34960286802055,0.839858513109007,0.396041138109735,0.430476013268518,0.232286950488661,0.585578800494765,0.694038437270905
"PLD4",0.514139567801919,0.00260520462428998,0.00219636651280864,0,0.00307153282941635,1.51494069869077,0.148364512883866
"AL096865.1",0.0593145935113165,0.04588577922599,0.0535118634912805,0.052401677911621,0.00307153282941635,0.291656185465296,0.00717388077150527
"ST14",0.128421637438353,0.00195453948168895,0,0,0,0.394589702488948,0.194712566820296
"OPN3",0.312365444125336,0.0650116705667525,0.057671624030713,0.114263629236829,0.0712318044999405,0.543059461220044,0.222677284262417
"SERPINF1",0.102018273736282,0.0142453575245602,0.0195957653461975,0.0133600915191788,0.00307153282941635,1.07823918040285,0.0437688504711603
"LILRA4",0.0417090814845795,0,0,0,0,1.19662410576707,0.0173338217795207
"SMPD3",0.0237880522668423,0.0155303835712091,0.0174373246630624,0.0133600915191788,0.0421659557766755,0.578205555002993,0.00819453257378569
"DERL3",1.07232170499902,0.00520363978945297,0.00438791956994077,0.0133600915191788,0,0.709768236989321,0.00564094716204397
"UBE2E2",0.295972050921752,0.0402638877229408,0.0109339078371344,0.0265440416723065,0,0.468829290163249,0.303684185553336
"IL13RA1",0.458349390001303,0.00390526618979749,0.00438791956994077,0,0.00613366022663245,0.741694108124286,0.675106495138114
"CBFA2T3",0.313719506369388,0.00455466371136096,0.00657468022316418,0.0133600915191788,0.00613366022663245,0.498651633320115,0.277144496029326
"JCHAIN",4.18520592831263,0.0759514426276685,0.0842963052443444,0.149623449494584,0.110554916204406,1.82853697396717,0.0814447787205903
"PEA15",0.293213499253881,0.0607247832468935,0.0782147649200502,0.114263629236829,0.124232378086805,0.545611275246609,0.449310695738965
"CCDC50",0.560658647182629,0.0855762202684093,0.0618141526184477,0.102193607783567,0.0938911318237522,1.59033375866024,0.274803061058474
"BCL11B",0.0936221810321742,0.972812891034689,0.745827514610593,0.891638050753659,0.544020457703682,0.0721022842828663,0.0457358717423366
"CLEC10A",1.22592737583801,0.00260520462428998,0.00657468022316418,0,0.00613366022663245,1.38834291882062,0.332123550838128
"GSN",0.588799614729382,0.0238430423915183,0.102322115294405,0.0776075153743239,0.286858373702611,1.17104651677834,0.562726134830347
"GAS6",0.1218858650962,0.00714804482417564,0,0.0133600915191788,0.00307153282941635,0.626363740449788,0.0540528136971574
"TUBA1B",1.34467499676348,1.30795379035041,1.39973015188644,1.30925050652834,1.38920349261759,1.7874316905515,1.1954136071897
"TAGLN2",1.55733740004872,1.27969922617324,1.34625927522009,1.39615568005367,1.3899700284026,2.0289021085413,1.58737836222157
"FCER1A",1.4516741833019,0.00260520462428998,0.00219636651280864,0,0,1.63846715866228,0.0885301986047915
"TMEM19",0.333813452729136,0.0909497239413371,0.118076749565323,0.13797521625821,0.192487691555205,0.370591788018867,0.136770347104037
"CAT",0.587771356670246,0.252778679451276,0.258230006501804,0.464858162751715,0.327581478763607,0.848859046761229,0.743164569366915
"HERPUD1",1.40234221586789,0.788141112335716,0.979182110167453,0.880548444344599,0.874059281268003,1.73141491682247,1.26657706812556
"STMN1",0.331157474276939,0.558854653247456,0.445127374154934,0.805303634987286,0.442633795738607,0.873029259384198,0.0613342850967678
"MZB1",2.12864218064371,0.0320871701987238,0.057671624030713,0.052401677911621,0.0568044793664405,1.06771084061494,0.0127746179662147
"GYPC",0.655390293181299,1.19059800361606,1.22344281725985,1.21006536362793,1.0327708155894,0.543059461220044,0.322485037414188
"IRF4",0.333813452729136,0.0308232582323004,0.00875666938644232,0.0265440416723065,0.00918643961715708,0.443749836406069,0.0589130142804566
"PRCP",0.531702778131941,0.140890752756572,0.160164256076774,0.227569733334661,0.215069343199841,0.71623547302144,0.659273075937391
"ITM2C",1.44208813094087,0.251258066416216,0.186053390840774,0.0776075153743239,0.0362500144524165,1.61774779731226,0.0298902873213034
"MGST2",0.240757782682085,0.0674530945698389,0.0618141526184477,0.102193607783567,0.148390048312304,0.616915854825663,0.547672865400101
"VEGFB",0.517456252223996,0.431769709577738,0.446535234979992,0.464858162751715,0.370965587118588,0.726922114366071,0.0608504997105868
"LILRB4",0.29734847839089,0.00195453948168895,0.00219636651280864,0.0265440416723065,0.00307153282941635,0.711928632905359,0.456177883677728
"HIGD1A",0.237842407768682,0.294443336132215,0.333453723109173,0.464858162751715,0.518705881907413,0.685690640363181,0.274021362855234
"PIM1",0.169893655021841,0.822532909370189,0.900157331352389,0.684021039329299,0.738154226802532,0.0883378369431618,0.210252357933624
"DNAJB1",0.57326360982166,1.20046315139588,1.19456558476462,0.730432804092862,0.490852579581729,0.426673808106476,0.61994098421769
"TSPAN3",0.594947057919006,0.135779686639772,0.225428725233127,0.227569733334661,0.279906991749303,0.60497907182842,0.1908958205757
"UGCG",0.317770726829071,0.187915579913366,0.182395726231874,0.149623449494584,0.158942270289936,1.18324380131704,0.0992979300785382
"FGD2",0.46999071294054,0.00908867648374237,0.0109339078371344,0.0265440416723065,0.0332788674311293,0.607377854589511,0.50421461512986
"ODC1",0.742800734036848,0.560717622108092,0.613308425605124,0.506237361517957,0.505804156126094,0.896629033338217,0.336908192080896
"COBLL1",0.451298986104047,0.00130345069829687,0.00219636651280864,0.0265440416723065,0,0.60016417450742,0.00461768437200917
"MAPKAPK2",0.398018819830157,0.292498178160776,0.531457855867373,0.56907659028832,0.549362630414823,0.861946322710126,0.384586921232973
"PKIB",0.130048927842049,0.00455466371136096,0.00219636651280864,0.0265440416723065,0,0.415125612236497,0.00972355968739691
"SMC6",0.346988551010338,0.130069917000443,0.141252865344026,0.227569733334661,0.197550088684501,0.463310181881223,0.160702013066124
"TRAF4",0.171454890250796,0.0601108678157013,0.0983443663212988,0.0265440416723065,0.0712318044999405,0.490606069438395,0.0442609686427965
"ENHO",0.434652120858757,0.00130345069829687,0,0,0,0.812448069197129,0.0481892197623271
"TXN",0.820739020110644,0.718775160987152,0.816293535848112,0.874957180307433,0.905644686761348,1.46336131818481,1.0264630884975
"SEC61B",1.4516741833019,1.04714290621132,1.35480488667893,1.39615568005367,1.377634383072,1.77558302030292,1.28538316250239
"PPM1K",0.662098392346144,0.511115423440317,0.560748209400065,0.56907659028832,0.48329211590539,0.780723187426863,0.189620327715028
"PPP1R15A",1.30177997994489,1.12207790108701,1.24393274473691,0.817254713856044,1.04582766941646,1.52838462282635,1.49548519875134
"AC004687.1",0.847278178331753,0.573294594727964,0.916997258162929,1.04944431729406,1.32671136446346,1.12927971920573,0.979886326179968
"CD24",0.515246351992174,0.00260520462428998,0.00219636651280864,0,0,0.452179734395843,0.00564094716204397
"PER1",0.157315240683969,0.211416053014633,0.265000540573088,0.194905200508277,0.105031117571241,0.373623211321927,0.762782385817445
"TMEM170B",0.0697310179997816,0.0129586780610591,0.00875666938644232,0.0265440416723065,0.00613366022663245,0.227200518313128,0.609372214271577
"G0S2",0.171454890250796,0.00714804482417564,0.00875666938644232,0,0.00307153282941635,0.0345788568576921,0.913654555164782
"CRTAP",0.363860704895498,0.160522443820283,0.162035872741181,0.238225032977673,0.16156301877622,0.635723198334699,0.945122637579027
"HBEGF",0.0540654084655757,0.0155303835712091,0.0174373246630624,0.0133600915191788,0.0122299279021762,0.209524612520162,0.596143883819722
"VMP1",0.511922317714874,0.607975279152794,0.658702124692319,0.84073673713926,0.75708948039504,0.640370281143541,1.4677869099519
"RBP7",0.0237880522668423,0.00714804482417564,0.00657468022316418,0.0133600915191788,0.00918643961715708,0.00875745542441906,1.0129218757202
"MARCO",0.0487885240129402,0.00130345069829687,0.00657468022316418,0,0.00307153282941635,0.16204935934049,0.63722047116593
"SULT1A1",0.180771458746118,0.117392473547801,0.0963495426245364,0.149623449494584,0.0538938673816786,0.304712125846947,0.977180243037631
"FBXL5",0.368995381767524,0.297353997112281,0.382634066772421,0.498097368065582,0.490852579581729,0.5353647144176,1.08826259149117
"ATP6V0D1",0.601056940832958,0.271345225167969,0.37812479891489,0.628199434722591,0.609666417674997,0.731164997418477,1.23835870839434
"NLRP3",0.16047470813675,0.0219308605192966,0.0324494788373292,0,0.0122299279021762,0.209524612520162,0.653939064700993
"AC245128.3",0.00369673478442478,0.00130345069829687,0.00219636651280864,0.0265440416723065,0,0.00438831430976404,0.333229732466536
"METTL9",0.601056940832958,0.617164607265732,0.625145718665202,0.635349937585311,0.637694668458097,0.698895688197531,1.31052129115867
"MIR22HG",0.17767557017972,0.109240518256825,0.162035872741181,0.102193607783567,0.124232378086805,0.304712125846947,0.510716121003876
